{
    "outline": [
        [
            -0.05724345253586518,
            0.020214268453540345
        ],
        [
            0.330978171753808,
            0.03706838781698345
        ],
        [
            0.6318053612592698,
            0.11086434195624377
        ],
        [
            0.7098012678764418,
            0.2429572401215813
        ],
        [
            0.651647536356455,
            0.3155905904147311
        ],
        [
            0.6839924002835912,
            0.33951852900182256
        ],
        [
            0.596810441404069,
            0.34120502129578617
        ],
        [
            0.4830907410044244,
            0.4880625102572867
        ],
        [
            0.752959782026123,
            0.5959861913802331
        ],
        [
            0.8293160920878045,
            0.5926936079955852
        ],
        [
            0.8058980001975571,
            0.6288313585175942
        ],
        [
            0.9016954642253168,
            0.7097996365904252
        ],
        [
            0.9141113606665967,
            0.8393983565726999
        ],
        [
            0.697158556719136,
            0.9225860702437079
        ],
        [
            0.052238165109834075,
            0.986213517966593
        ]
    ],
    "arching": {
        "top": [
            [
                -0.12937666198021933,
                -0.42124024609843946
            ],
            [
                0.07328779915643914,
                -0.3105942376950793
            ],
            [
                0.30266446113665985,
                -0.21801020408163205
            ],
            [
                0.5569257312712972,
                -0.14883703481392557
            ],
            [
                0.8060119349267245,
                -0.23077506002401021
            ],
            [
                0.9292997340831647,
                -0.27229966986794724
            ],
            [
                1.1604270608554725,
                -0.42124024609843946
            ]
        ],
        "back": [
            [
                -0.14231432817824186,
                0.1531782713085233
            ],
            [
                0.013774534645538088,
                0.2244702881152461
            ],
            [
                0.2224509307089237,
                0.35534888955582217
            ],
            [
                0.5517506647920886,
                0.4128166266506599
            ],
            [
                0.723210871259384,
                0.4191731692677065
            ],
            [
                0.9499999999999998,
                0.339353991596639
            ],
            [
                1.1888899264911206,
                0.22976740696278578
            ]
        ]
    }
}